{"cameraMode":{"drawMode":0,"name":"Shaded","section":"Shading Mode"},"sceneLighting":false,"audioPlay":false,"sceneViewState":{"m_AlwaysRefresh":false,"showFog":true,"showSkybox":false,"showFlares":true,"showImageEffects":true,"showParticleSystems":true,"showVisualEffectGraphs":true,"m_FxEnabled":true},"in2DMode":false,"pivot":{"x":0.4440000653266907,"y":1.2459553480148316,"z":-0.34173062443733218},"rotation":{"x":0.16891810297966004,"y":-0.5352001786231995,"z":0.11029041558504105,"w":0.8203985691070557},"size":2.4247448444366457,"orthographic":false}