{"cameraMode":{"drawMode":0,"name":"Shaded","section":"Shading Mode"},"sceneLighting":false,"audioPlay":false,"sceneViewState":{"m_AlwaysRefresh":false,"showFog":true,"showSkybox":false,"showFlares":true,"showImageEffects":true,"showParticleSystems":true,"showVisualEffectGraphs":true,"m_FxEnabled":true},"in2DMode":false,"pivot":{"x":0.17533445358276368,"y":1.1183130741119385,"z":0.5326803922653198},"rotation":{"x":-0.019462620839476587,"y":-0.5563040375709534,"z":-0.01297258585691452,"w":0.8307594060897827},"size":1.7660253047943116,"orthographic":false}